Username,ID,Name,Created At
Oncologist,11243832,Oncologist,2007-12-17 03:41:30
TexasOncologist,740759420397817856,Texas Oncologist,2016-06-09 04:16:23
nlindenberg,113062191,"Noah Lindenberg, MD Oncologist-Hematologist",2010-02-10 15:40:39
OncJournal,171731400,The Oncologist,2010-07-28 01:28:17
newsincancer,57116951,"Ippokratis Korantzis, Medical Oncologist, MD, PhD",2009-07-15 19:49:52
uk_oncologist,1172904198,Dr Greg Wilson,2013-02-12 19:48:18
ClinOncologist,1058798948,David Woolf,2013-01-03 21:10:40
UroOncologist,715140152,Anthony Corcoran,2012-07-24 23:57:44
CarlosRF_Boho,1479394688541024261,BOHEMIAN ONCOLOGIST,2022-01-07 10:09:40
AyaOncologist,1189289857845088256,"Adam DuVall MD, MPH",2019-10-29 21:16:17
WomenOncologist,1374655417763106818,Black Women In Oncology Inc.,2021-03-24 09:33:00
TOncologist,1286283352329326593,The Oncologist Community,2020-07-23 12:53:53
JBezrukovFD,1300799616892522496,Jacob Bezrukov; Paranormal Oncologist FD,2020-09-01 14:16:30
NicoleEiselerMD,1027583785502691328,"NEiseler, Oncologist",2018-08-09 15:54:00
Uro_Oncologist,996432302262669312,Alfonso G√≥mez de Lia√±o,2018-05-15 16:49:08
ZH_Oncologist,754305487252951040,Zoe Hudson,2016-07-16 13:23:37
MM_Oncologist,785573905180139520,Magda Meissner,2016-10-10 20:13:09
DrVikasAsati,850619706272763905,"Dr Vikas Asati, Indore, Medical Oncologist",2017-04-08 08:01:56
MiguelTICONA,298303530,Medical Oncologist,2011-05-14 02:37:00
DrPriyanshuchd,1480276934386806785,Dr Priyanshu Choudhary Medical oncologist,2022-01-09 20:37:07
drrekha_onco,1426197840380895233,drrekha _oncologist,2021-08-13 15:04:41
OncinmyPocket,1177664462402330624,Oncologist in my Pocket‚Ñ¢,2019-09-27 19:21:13
hema_oncologist,1616713908001329153,Hema Baskarane,2023-01-21 08:28:17
Yus_oncologist,1246110693675298816,Yousra,2020-04-03 16:22:06
maedajson,1098875404427894784,Dr maeda(oncologist).,2019-02-22 09:21:27
jamsvt98,874898366,Dr JVT - Oncologist,2012-10-12 04:03:17
oncologist18,140399859,Pragyat Thakur,2010-05-05 11:47:12
oncologist_bpl,1187340684652507136,Dr Atul Samaiya,2019-10-24 12:11:02
oncodrmanish,1203940903594819584,Dr Manish - Oncologist,2019-12-09 07:34:26
naleekim_rodr,1192631507166171136,Nalee Kim_radiation oncologist,2019-11-08 02:34:49
rainermariamilk,1300054926824026112,boypussy oncologist,2020-08-30 12:57:45
duke_mogakadr,867657055,Dr. Duke Mogaka (the nomadic oncologist),2012-10-08 08:44:40
Arun_Oncologist,984125565161672707,"Dr Arun Kr Verma, HOD, Subharti Medical College",2018-04-11 17:46:33
ProfKarolSikora,1235849797191401472,Professor Karol Sikora,2020-03-06 08:49:53
DenizCanGuven1,1233823877911977985,Deniz Can Guven,2020-02-29 18:38:38
acweyand,824315782947631104,"Shematologist, MD",2017-01-25 17:59:32
ZekeEmanuel,1250863636551270400,Zeke Emanuel,2020-04-16 19:08:49
hemofelo,820346994342449154,Hematologist/Medical Oncologist,2017-01-14 19:08:59
tmprowell,86970530,"Tatiana Prowell, MD",2009-11-02 16:05:48
Dr_oncologist,70591243,Dr.Abhishek Singh,2009-09-01 03:54:05
MakisMD,1062754443798532096,William Makis MD,2018-11-14 17:09:39
drseisenberg,170039453,Dr. Steven Eisenberg,2010-07-23 20:04:31
DrGwenNichols,938082100548460544,Dr. Gwen Nichols,2017-12-05 16:26:16
oncologist88,1534169585582501888,oncologist,2022-06-07 13:45:18
VivekSubbiah,3085571050,"Vivek Subbiah, MD",2015-03-11 03:24:25
michelle_monje,2171525126,Michelle Monje,2013-11-03 04:55:10
AlexHermen,64088787,Alex Hermen,2009-08-09 02:06:26
dr_yakupergun,1008888613,Yakup Erg√ºn,2012-12-13 13:59:18
edtanner,22772188,"Edward Tanner, MD, MBA",2009-03-04 13:49:30
NarjustFlorezMD,855372288455311360,"Narjust Florez, M.D.",2017-04-21 10:47:00
IndranilKhan,1867137378,Dr.Indranil Khan ‡¶°‡¶æ‡¶É ‡¶á‡¶®‡ßç‡¶¶‡ßç‡¶∞‡¶®‡ßÄ‡¶≤ ‡¶ñ‡¶æ‡¶Å‡¶®,2013-09-15 10:16:20
subbiah_doctor,2178218468,Dr. Subbiah Shanmugam,2013-11-06 14:47:30
DrLaMontBarlow,3965032271,LaMont Barlow MD,2015-10-15 12:15:07
EvanThomas84,1158103242,Evan Thomas MD/PhD,2013-02-07 19:52:47
Geeky_Foodie,102295409,WabiSabi,2010-01-06 06:38:50
APassaroMD,806615821216874496,A…¥·¥õ·¥è…¥…™·¥è P·¥Äss·¥Ä Ä·¥è,2016-12-07 21:46:12
HHammersMD,3051380329,Hans Hammers,2015-02-28 23:21:16
MKnoll_MD,2264393190,Dr. Miriam Knoll,2013-12-27 14:02:58
IbrahimSahinMD1,1078819131946876929,"Ibrahim Halil SAHIN, MD",2018-12-29 01:04:59
NicholasBlondin,2168947392,"Nicholas Blondin, MD",2013-11-01 19:13:43
markballmd,156140673,"Mark Ball, MD, FACS",2010-06-16 03:41:18
FabioSchutz78,870017969136467969,Fabio Schutz,2017-05-31 20:43:42
somusp9,1360829623949426688,Somashekhar SP,2021-02-14 05:54:11
nihardesai7,75550503,"ùó°ùó∂ùóµùóÆùóø ùóóùó≤ùòÄùóÆùó∂ MD, DM",2009-09-19 13:40:31
cdanicas,1125754626,Daniel Castellano,2013-01-27 18:02:48
AmanChauhanMD,1008176501303504896,Aman Chauhan,2018-06-17 02:36:23
akshatdoctor,2317618712,Akshat Jain MD MPH FRCP,2014-01-29 18:42:30
JAMouabbi,34008297,Jason A. Mouabbi MD,2009-04-21 19:23:36
xiaoweimd,3645632420,"Xiao Wei, MD",2015-09-22 05:57:37
AngelesSecord,382914090,Angeles Secord,2011-09-30 22:44:10
stuxrt,295437208,"Stuart Burri, M.D.",2011-05-09 01:18:58
neerajaiims,4761682514,"Neeraj Agarwal, MD, FASCO",2016-01-15 06:32:10
kudrjavaya,42377656,"Anastasia Danilova, MD",2009-05-25 09:07:52
rlevitinMD,741461904032403456,"Ron Levitin, MD",2016-06-11 02:47:48
Dr_Jen_Linehan,4808950384,"Jennifer Linehan, MD",2016-01-15 00:03:34
jasonwilliamsmd,505297066,"Jason R. Williams, MD, DABR",2012-02-27 02:20:59
NirajGusani,168783827,"Niraj J. Gusani, MD üá∫üá∏",2010-07-20 20:02:30
n8pennell,205280101,"Nathan A. Pennell MD, PhD, FASCO",2010-10-20 14:26:30
DrNikitaMehra,228012790,Nikita Mehra,2010-12-18 13:23:50
DrRBarroso,4442280321,"Romualdo Barroso, MD PhD",2015-12-10 23:14:58
SeanKhozin,23780640,"Sean Khozin, MD, MPH",2009-03-11 15:48:06
fumikochino,19410955,"Fumiko Ladd Chino, MD",2009-01-23 20:10:56
jsoriamd,525502639,soria,2012-03-15 16:06:58
aksinghmd,28211542,Anurag Singh,2009-04-01 22:18:35
WSmelser,998216345740132352,"Woodson Smelser, MD",2018-05-20 14:58:17
ProtonStorey,1140445969131167744,Mark Storey,2019-06-17 02:28:02
KoneruMd,1337911959077998595,"Bobby Koneru, MD",2020-12-13 00:07:34
eceyrem,176759270,Prof.Dr.Mutlu Demiray,2010-08-10 10:53:38
DrChowdharyMD,1067858711534809090,"Mudit Chowdhary, MD",2018-11-28 19:12:11
ilyassahinMD,425023779,"ilyas sahin, MD",2011-11-30 13:16:49
ASkarbnik,999010996034338818,Alan Skarbnik,2018-05-22 19:35:57
DrSrinivas_C,1107504405287309312,Dr Srinivas Chilukuri,2019-03-18 04:50:01
Bezeley_MBChB1,3672640343,Calm Doctor,2015-09-16 07:53:37
drvishalrao,100375517,Dr Vishal Rao,2009-12-30 02:04:12
drvineetgovinda,1100291124239978496,Dr Vineet Govinda Gupta,2019-02-26 07:07:01
dr_wafa,27308263,ŸàŸÅÿßÿ° ÿ®ÿØÿ± ÿßŸÑÿØŸàŸäÿ≥ÿßŸÜ,2009-03-28 21:05:18
pashtoonkasi,589105446,"Pashtoon Kasi MD, MS",2012-05-24 10:45:12
ProfJohnCrown,262322667,ProfJohnCrown,2011-03-07 20:45:09
RManochakian,1362579847378317313,"Rami Manochakian MD, FASCO üá∫üá∏üá∏üáæCancerEducation",2021-02-19 01:49:03
PTarantinoMD,958742483856486400,Paolo Tarantino,2018-01-31 16:43:15
MarceloCorassa,875696787549564929,"Marcelo Corassa, MD.",2017-06-16 12:49:18
adriancravioto,63312962,Adrian Cravioto,2009-08-06 00:40:13
yekeduz_emre,2735430730,Emre Yeked√ºz,2014-08-06 19:37:17
BrunaPellini,1285211737336291329,"Bruna Pellini, MD",2020-07-20 13:55:40
DrYukselUrun,2798480350,Y√ºksel √úr√ºn,2014-10-01 17:42:21
UroCorrea,2230279280,Andres Correa,2013-12-04 17:47:56
_ShankarSiva,636619613,Shankar Siva,2012-07-16 02:03:56
BrunoBastosMD,16866052,Bruno Bastos MD,2008-10-20 12:05:57
NaderSanai,1110951824607985665,Nader Sanai,2019-03-27 17:08:50
DraMartinezLago,1053897615295856640,Nieves Martinez Lago MD PhD,2018-10-21 06:35:46
EKNduom,3411668716,"Edjah Nduom, MD (he/him)",2015-08-10 01:30:05
_BiotechMD,832409132938514434,BiotechMD,2017-02-17 01:59:37
Leo_ReapDO,797158597612470272,Leo Reap,2016-11-11 19:26:34
LauraBukavinaMD,2786427392,Laura Bukavina,2014-09-02 18:09:32
SKordasti,1442132162954752009,Shahram Kordasti,2021-09-26 14:22:00
joostverhoeff,37487848,Joost Verhoeff,2009-05-03 19:58:47
jpmd901,1100479725519208450,Jason Porter,2019-02-26 19:36:27
NiuSanford,1064888789200527361,Dr. Nina Niu Sanford,2018-11-20 14:30:46
herbloong,787555563823443968,Herbert Loong,2016-10-16 07:27:33
iamodhis,47732931,Dr. Andrew Odhiambo FRCP,2009-06-16 20:16:21
yzafar,11164392,"Yousuf Zafar, MD MHS",2007-12-14 14:41:30
docjavip,1030110686,Javier Puente,2012-12-23 08:00:23
staceymarj,2867371841,Stacey Marjerrison,2014-11-08 13:54:40
graokane,1693998722,Grainne O'Kane,2013-08-23 14:29:20
YAbdouMD,1070399609867042816,"Yara Abdou, MD",2018-12-05 19:28:48
rsm2800,10989152,"Robert S Miller, MD, FACP, FASCO, FAMIA-he/him",2007-12-09 07:50:32
chulkimMD,830044361979224064,Chul Kim,2017-02-10 13:22:52
DrLesterColl,2291721752,"Nat Lester-Coll, MD",2014-01-14 21:31:32
kansagraMD,561122329,Ankit kansagra,2012-04-23 13:12:07
DavidSteensma,2739065578,"David Steensma, MD",2014-08-10 14:36:07
HIY_RadOnc_YCC,1182629500246298626,"Hong In Yoon, Radiation Oncologist",2019-10-11 12:10:34
DrWinkfield,1054164996,Dr. Karen Winkfield,2013-01-02 04:22:33
TheNotoriousHPB,1230872822207086592,"Lee M. Ocuin MD, FACS",2020-02-21 15:12:20
drjamesgood,1014952642278195201,James Good,2018-07-05 19:22:21
judalebow,3025849894,Juda Lebow MD,2015-02-09 00:15:09
mcruzcorrea,2278325933,"Marcia Cruz-Correa, MD, PhD",2014-01-13 04:37:16
timilpatel,1516849014,"Timil Patel, MD",2013-06-14 16:15:31
tcellsrus,190048720,Cassian Yee,2010-09-12 23:19:17
ColinChampMD,416653970,"Colin Champ, M.D.",2011-11-19 23:59:20
DrAnasYounes,23631835,"Anas Younes, M.D.",2009-03-10 18:48:37
OtisBrawley,140514522,Otis Brawley,2010-05-05 17:53:56
docranjana,2929534112,Ranjana Srivastava,2014-12-14 09:53:19
dramyabernethy,780929158142685184,Amy Abernethy,2016-09-28 00:36:35
DrSadhanaJ,936009199431143424,"Dr. Sadhana Jackson, MD",2017-11-29 23:09:18
DrLen,18679867,Len Lichtenfeld MD MACP,2009-01-06 15:39:33
gulleyj1,1532465924,@gulleyj1,2013-06-20 01:16:18
1800Oncologist,348472421,1800Oncologist,2011-08-04 13:56:28
cpeedell,368032559,Clive Peedell,2011-09-04 23:59:29
DrFadloKhuri,2230534242,Dr. Fadlo Khuri,2013-12-04 21:53:22
schenkein,89278105,David Schenkein,2009-11-11 20:48:54
SirohiBhawna,2563206277,bhawna sirohi,2014-06-12 11:00:43
landau_lab,3462765616,Dan Landau,2015-08-27 23:50:07
rikcloesen,2673059450,"Radical Oncologist, Cancer Denier",2014-07-23 09:35:12
drmoyses2008,2940853895,"Dr. MOISE HABIYAREMYE., M.D. Oncologist",2014-12-25 15:44:03
PamelaKunzMD,2980465697,"Pamela Kunz, MD",2015-01-15 22:08:34
KemiDoll,1143331458,"Kemi Doll, MD MS",2013-02-02 20:26:30
CharlesSwanton,3003821512,Charles Swanton,2015-01-28 19:51:59
apolo_andrea,2419804603,"Andrea Apolo, M.D.",2014-03-31 01:47:20
bloodgenes,3325493329,Vijay Sankaran,2015-08-23 02:18:55
NicoleRossiOnco,402091237,Nicole Rossi MD Oncologist,2011-10-31 14:51:50
HallekMichael,1070429773623635981,Michael Hallek,2018-12-05 21:28:40
weoncologists,39742016,"Gil Morgan, MD",2009-05-13 12:44:05
TheWonkologist,3234116877,Aaron Mitchell,2015-05-04 20:02:14
kbilimoria,106525941,Karl Bilimoria,2010-01-19 21:13:46
reshmajagsi,805900142146678789,Reshma Jagsi,2016-12-05 22:22:21
cancer_connect,109689119,CancerConnect,2010-01-29 22:53:04
LeonidasPlatan1,1117857169528033280,"Leonidas Platanias, MD",2019-04-15 18:28:12
lucygoss,46108978,lucy gossage,2009-06-10 13:18:43
maitreyan1955,869606623,DR V MAITREYAN,2012-10-09 10:08:02
FYOncologist,850053157665341445,FYO,2017-04-06 18:30:40
Samkaul,333556269,Dr Sameer Kaul,2011-07-11 18:34:59
RobertoVidri,289099621,Roberto J. Vidr√≠,2011-04-28 01:06:18
atata_atatatata,509551634,„Åü„Çì„Åü„Çì@ËÖ´ÁòçÂÜÖÁßëMedical Oncologist,2012-03-01 01:33:01
Arab_Oncologist,1435104831698505730,ÿØ. Ÿàÿ∂ÿßÿ≠ ÿπÿ±ŸÅÿßÿ™,2021-09-07 04:57:29
PagingDrPage,1155212302133735424,Brandi Page,2019-07-27 20:24:10
venkymd,52068070,Venky (Venkatraman Radhakrishnan),2009-06-29 14:18:25
OralOncologist,355298993,Dr. Ryan S. Lee,2011-08-15 04:08:47
ConorSteuerMD,4846000872,Conor Steuer,2016-02-01 20:26:47
marykge,22483804,Mary Gospodarowicz,2009-03-02 13:36:11
bwoodmd,19112165,Bill Wood,2009-01-17 15:01:20
SIOPresident,748895011664588800,SIO President,2016-07-01 15:04:19
RyanNipp,991555513,"Ryan Nipp, MD, MPH",2012-12-05 18:50:20
AjvictoryMD,1364003111195480065,"Amani Jambhekar MD, MBA, FACS",2021-02-23 00:04:24
drgandara,806198593925353472,David Gandara,2016-12-06 18:08:18
tomboike,268040101,Tom Boike,2011-03-18 01:29:39
HerveyJumper,2164191582,Shawn Hervey-Jumper,2013-10-30 06:01:12
ravi_b_parikh,1711406443,Ravi B. Parikh,2013-08-30 00:38:28
KimmieNgMD,1235773571764490240,"Kimmie Ng, MD, MPH",2020-03-06 03:46:02
LesokhinMD,1304124456,AlexanderLesokhin MD,2013-03-26 13:49:01
PamSharmaMDPhD,1503492080949153796,"Padmanee (Pam) Sharma, MD, PhD",2022-03-14 22:04:16
NoopurRajeMD,980935198870261760,Noopur Raje,2018-04-02 22:29:11
christine_lovly,745270434409611264,"Christine Lovly, MD, PhD",2016-06-21 15:01:32
Dr_RShatsky,1068352638499020800,"Rebecca Shatsky, MD",2018-11-30 03:54:52
sandralwong,1237163300,Sandra Wong,2013-03-03 00:44:06
shilpaonc,4794167714,Shilpa Gupta,2016-01-21 17:31:49
DrSanjayPopat,780503912260468736,Sanjay Popat,2016-09-26 20:26:48
ProfAJChalmers,755438559276965888,Anthony Chalmers üíô,2016-07-19 16:26:02
drewshirleymd,35469905,"Drew Shirley, MD",2009-04-26 14:03:03
jesusanampa,3538825217,"ùôÖùôöùô®ùô™ùô® ùòºùô£ùôñùô¢ùô•ùôñ ùôà.ùòø, ùôà.ùôéüß¨üî¨",2015-09-03 23:26:31
nugg_doctor,1454163545944363012,Nugg Doctor üîÆ,2021-10-29 19:09:48
BreastDocUK,388471366,Richard Simcock,2011-10-10 20:05:04
SamirNKhleif,1655952998,"Samir N. Khleif, MD",2013-08-08 18:27:36
ara_anderson,50318716,Sandy Anderson,2009-06-24 14:27:36
leslydossett,1938784531,Lesly A Dossett MD MPH,2013-10-05 20:22:13
jungleland,14206195,Jeffrey Bien,2008-03-24 08:07:08
IOEssentials,134216396,"Brian Lawenda, MD",2010-04-17 19:44:56
romeerizwan,15622046,Rizwan Romee,2008-07-27 17:55:18
AnitaRamesh12,922744530520096770,"Prof Dr Anita Ramesh , Oncologist",2017-10-24 08:40:14
AviRamchandani,998906419431788546,The Gyne-Oncologist,2018-05-22 12:40:23
GeurtsMarjolei,1506254677607919621,Marjolein Geurts,2022-03-22 13:33:57
VanitaNoronha,1414240146,"Vanita Noronha, MBBS MD DM",2013-05-09 01:29:47
DavidHongMD,4912387590,David S. Hong MD,2016-02-15 19:06:23
BenjaminBesseMD,2997824224,Benjamin Besse,2015-01-25 13:13:03
DrJNaidoo,972549291867889666,Jarushka Naidoo,2018-03-10 19:06:35
drhoracesmith,169552835,Horace E. Smith,2010-07-22 16:27:46
angiesmith_uro,556430494,Angie Smith,2012-04-18 00:54:54
cancermd,26583630,Dr Sunil Verma,2009-03-25 20:30:55
matteolambe,1018433222,"Matteo Lambertini, MD PhD",2012-12-17 22:08:47
arifkamalmd,902522749,"Arif Kamal MD, MBA, MHS",2012-10-24 20:07:10
mishabeltran,1900543459,Misha Beltran,2013-09-24 13:35:48
SCIDirector,1063242174408486912,"Steven Artandi, MD, PhD",2018-11-16 01:27:43
EthanBasch1,2537953974,Ethan Basch,2014-05-31 18:07:14
ilanayurkiewicz,168790444,"Ilana Yurkiewicz, MD",2010-07-20 20:21:23
dougfantastic,17585438,Douglas Fantastic,2008-11-24 04:29:32
THsuMD,1353491598,Tina Hsu,2013-04-15 05:06:57
wgibson,24739571,William Gibson,2009-03-16 18:17:37
ryanhuey,15971685,"Ryan Huey, MD, MS",2008-08-24 19:13:20
loconte,15741941,"Noelle LoConte, MD, FASCO",2008-08-05 21:18:26
DevikaDasMD,925175738634063872,"Devika Das, MD, MSHQS",2017-10-31 01:40:59
cczielinski,736816726894088192,Christoph Zielinski,2016-05-29 07:09:31
PhilFebboMD_CMO,1735255645,"Phillip Febbo, MD",2013-09-06 14:04:57
NPhoolcharoen,90602790,Natacha Phoolcharoen,2009-11-17 10:26:32
ramya_ramaswami,1575844861,Ramya Ramaswami,2013-07-07 18:57:23
DrMDavids,2875227520,"Matthew Davids, MD, MMSc",2014-11-13 15:34:14
Jbauml,284801219,"Joshua Bauml, MD",2011-04-20 00:29:35
RTendulkarMD,3610113615,"Rahul Tendulkar, MD",2015-09-10 14:32:29
BraunMDPhD,990313941149548544,David Braun,2018-04-28 19:36:57
benweinbergmd,868221528,"Benjamin Weinberg, MD, FACP",2012-10-08 15:59:42
AmandaRiveraMD,1054429055708291074,Amanda Rivera MD,2018-10-22 17:47:32
AGangiMD,977731116672143360,"Alexandra Gangi, MD",2018-03-25 02:17:18
DrRiyazShah,3001200865,Dr Riyaz Shah,2015-01-29 12:04:22
GruppSteve,2241533694,Stephan Grupp MD PhD,2013-12-11 23:58:56
AzraRazaMD,1191387321792258048,Azra Raza,2019-11-04 16:10:56
heatheryeomd,913478190,Heather Yeo MD,2012-10-29 23:43:30
SophiaKMcKinley,1598329238,Sophia K. McKinley MD EdM,2013-07-16 12:46:26
FogacciJoao,1011022004558991360,Joao Fogacci,2018-06-24 23:03:24
marwanalhajeili,2914789588,Marwan Al-Hajeili ŸÖÿ±ŸàÿßŸÜ ÿßŸÑÿ≠ÿ¨ŸäŸÑŸä,2014-12-11 00:46:41
FabianJohnston,838427184,"Fabian Johnston, M.D., M.H.S",2012-09-21 19:30:51
SueEvansMDMPH,1486527248,"Sue Evans, MD",2013-06-06 01:41:18
dchimd,535601588,Dennis S. Chi,2012-03-24 18:42:16
xrtGenomics,42289638,Nadeem Riaz,2009-05-24 21:56:46
alexshoushtari,365203100,"Alex Shoushtari, MD",2011-08-31 01:17:16
UrviShahMD,905435513879973892,Urvi Shah,2017-09-06 14:20:23
VitanzaNick,3306961926,Nick Vitanza,2015-08-05 14:38:24
ccleighton,280562113,"Christopher Leighton MD, FRCPC",2011-04-11 15:38:13
LorenWalensky,1166546779204177920,Loren Walensky,2019-08-28 03:03:49
HTawbi_MD,1245715564993134593,"Hussein Tawbi, MD, PhD",2020-04-02 14:12:05
BenWestphalen,529391306,Ben Westphalen,2012-03-19 13:43:11
eileen_parkes,564698061,Dr Eileen Parkes,2012-04-27 13:40:56
bmassutis,77781024,Bartomeu Massuti,2009-09-27 17:10:31
SamyuktaMD,284825195,Samyukta Mullangi,2011-04-20 01:30:17
sarahhalford7,735762862296072192,Sarah_Halford,2016-05-26 09:21:51
drsarahsam,739971172859805696,Dr Sarah Sammons,2016-06-07 00:04:10
wmehtsun,210919936,Winta T. Mehtsun,2010-11-01 19:57:47
allisonoconn,451163069,"Allison Fitzgerald, MD, PhD",2011-12-31 03:37:16
bensolomon1,37175494,Ben Solomon,2009-05-02 10:21:53
EileenMOReilly,1128961551388557314,Eileen M O‚ÄôReilly,2019-05-16 09:53:03
CancerRxUpdates,125104164,Cancer Treatment Updates,2010-03-21 18:09:39
sumitshahMD,727216763495026688,Sumit Shah,2016-05-02 19:22:42
leitaomd,2174398688,"Mario M. Leitao, Jr",2013-11-04 17:00:59
DrMarisaWeiss,592747402,"Marisa C. Weiss, M.D.",2012-05-28 13:53:31
gourmetpenguin,1333681560,DrCarmenSoto,2013-04-07 10:01:07
DKhabeleMD,1050178949018345472,DineoKhabeleMD,2018-10-11 00:19:07
THilalMD,3687490461,Talal Hilal ü©∫,2015-09-17 16:44:25
RielyMD,301164011,G Ä·¥á…¢·¥è Ä è R…™·¥á ü è,2011-05-19 00:27:57
Maherjane,41823451,Jane Maherüíô,2009-05-22 14:39:00
Neil_Iyengar,1681193274,Neil Iyengar,2013-08-18 17:28:02
dhjutsw1,1354548967,David Johnson,2013-04-15 14:49:02
drlennardlee,19507241,Dr Lennard Lee (Oxford University),2009-01-25 22:02:47
Mat_Guc,964889518850695168,Matthias Guckenberger,2018-02-17 15:49:22
bvantine1,3438337220,Brian Van Tine,2015-09-03 15:47:24
PSchlembachMD,347967572,"Pamela Schlembach,MD",2011-08-03 17:18:29
JeanetteRCR,1038062660573712384,Jeanette Dickson,2018-09-07 13:53:19
RichMatulewicz,1604733026,Rich Matulewicz,2013-07-19 01:03:23
BlumenthalG,456935396,Gideon Blumenthal,2012-01-06 20:56:03
JediPD,16132457,JediPD,2008-09-04 17:56:02
walteraiden_gh,1307045372905361408,Walter Aiden Specialist Clinic,2020-09-18 19:54:47
GABOUALFA,2862205661,Ghassan Abou-Alfa,2014-11-05 10:11:35
PGrivasMDPhD,3379037548,Petros Grivas,2015-07-16 16:21:53
DrMusical,1898974603,Georgina Wood,2013-09-24 01:59:07
jennamkahn,929074272735301633,"Jenna Kahn, MD",2017-11-10 19:52:22
MLJohnsonMD2,4018260543,Melissa L. Johnson,2015-10-22 17:17:14
max_diehn,2436504553,"Max Diehn, MD/PhD",2014-04-10 04:38:04
drmediget,846870596835266560,"Mediget Teshome, MD",2017-03-28 23:44:19
DrLaCasce,2862734723,"Ann LaCasce, MD",2014-11-05 16:08:24
inas_md,1266402013425930241,"Inas Abuali, MD",2020-05-29 16:12:39
AzizNazhaMD,2790484063,Aziz Nazha,2014-09-04 19:32:55
AnnRaldow_MD,1054102202858594304,"Ann Raldow, MD, MPH",2018-10-21 20:08:44
PauloBergerot,3287178758,Paulo G Bergerot,2015-07-22 05:10:22
DrAlexLouie,1335705475,"Alex Louie MD, PhD",2013-04-08 03:57:43
DanBarocas,883512542,Daniel Barocas,2012-10-16 02:19:56
RajivSarin5,1112212768269193216,Rajiv Sarin MD,2019-03-31 04:39:22
DruleyMB_CMO,3233672238,"Todd E. Druley, M.D., Ph.D.",2015-06-02 16:27:32
LeukDocJZ,1132104614482984960,Joshua Zeidner MD,2019-05-25 02:02:28
KlempnerSam,1086165456757477377,Sam Klempner,2019-01-18 07:36:39
DrNabilSaba,2801983047,"Nabil Saba, MD",2014-10-03 14:30:16
BasselElRayesMD,2832124998,"Bassel El-Rayes, MD",2014-09-25 18:20:31
rajshekharucms,140966169,Raj Chakraborty,2010-05-06 20:52:30
Prof_IanD,748348755766702081,Ian Davis,2016-06-30 02:53:41
bogda_koczwara,746500198180892672,Bogda Koczwara üåªüåªüåª,2016-06-25 00:28:11
SKamath_MD,2599078616,Suneel Kamath MD,2014-07-02 04:09:08
Silke_Gillessen,2173819306,silke gillessen,2013-11-08 22:14:33
Rubagumyaf,78430486,"Fidel Rubagumya , MD, MMed, MPH",2009-09-29 22:11:23
NimaSharifiMD,2921955274,Nima Sharifi,2014-12-14 20:22:42
journeycancer,327342873,"Rick Boulay,MD",2011-07-01 12:10:54
JenniferLitton,1392753566,Jennifer Litton,2013-04-30 18:34:13
DrAllyCat,278460032,Alison May Berner üë©üèª‚Äç‚öïÔ∏èüè≥Ô∏è‚Äçüåàüß¨üë©üèª‚Äçüî¨,2011-04-07 09:50:29
ADesaiMD,1134767467740434432,"Aakash Desai, MD, MPH",2019-06-01 10:23:42
CarmenCalfa,3694485852,"Carmen Calfa, MD",2015-09-26 16:54:48
piet_ost,3467326876,Piet Ost,2015-08-28 10:02:04
SeanSachdevMD,855921573462765568,"Sean Sachdev, MD",2017-04-22 23:09:40
Dr_Dana,71432974,Dr_Dana,2009-09-04 02:38:59
thedoctorkiran,928557382816468992,Dr. KiranKumar,2017-11-09 09:38:26
ShalinJShahMD,243655186,Shalin Shah,2011-01-27 14:43:26
hollenbeck1971,1242189222,Brent Hollenbeck,2013-03-04 20:55:52
AlisonBirtle,54208745,üíôalison birtle,2009-07-06 13:50:24
perth_meso_dr,331973051,Anna Nowak,2011-07-09 01:02:00
morr316,766781022994325504,Michael Morris,2016-08-19 23:36:56
WhatsUrHari,1694019373,"Hari Nathan, MD, PhD",2013-08-23 14:27:59
maryam_lustberg,873622160853610496,Maryam Lustberg MD MPH,2017-06-10 19:25:29
rachnatshroff,889727167,"Rachna Shroff, MD, FASCO",2012-10-18 21:00:36
JeffGershenwald,2465035772,Jeffrey Gershenwald,2014-04-26 19:26:34
DrRanaMcKay,1113559627809996801,Rana McKay,2019-04-03 21:51:18
slgoff_SB,3176808611,"Stephanie L Goff, MD, FACS",2015-04-17 14:11:04
JoshuaBudhu,379809933,Joshua Budhu,2011-09-25 16:07:22
Winette_vdGraaf,2878551394,WinetteVanDerGraaf,2014-11-15 20:28:54
ChrisSweens1,3279005954,"Christopher Sweeney, MBBS",2015-07-14 00:15:25
anamarialopezmd,2228944681,"Ana Maria Lopez, MD, MPH, MACP",2013-12-03 22:35:41
OncoBellmunt,1114140174,joaquim bellmunt,2013-01-23 11:28:46
ElizBlanchardMD,151835337,ElizBlanchardMD,2010-06-04 10:57:42
BSAjaikumar_HCG,1953270674,Dr. BS Ajaikumar,2013-10-11 04:13:55
DrJuliaBeaver,1204913038580686848,Julia Beaver,2019-12-11 23:57:22
MattYurgelun,830884205148196864,"Matt Yurgelun, MD",2017-02-12 21:00:06
manalipatelmd,725368667010031616,Manali Patel MD,2016-04-27 16:59:01
Alfdoc2,493367808,Alfredo Addeo MD,2012-02-15 18:39:39
DrCNClarke,929023900629065730,Callisia Clarke MD,2017-11-10 16:32:13
miljko,14756717,Milo≈° Miljkoviƒá,2008-05-13 09:26:03
Carol_Evans_MD,21013918,"Carol Evans, MD",2009-02-16 19:00:49
SBRT_CR,250377021,Cliff Robinson,2011-02-10 23:56:39
DrAmyComander,60465968,"Amy Comander MD, DipABLM",2009-07-27 02:41:43
AE_MarciscanoMD,930490767147241472,"Ari E. Marciscano, MD",2017-11-14 17:41:01
casali_pg,470919035,Paolo G Casali,2012-01-22 09:04:32
Surg_and_Onc,337267540,Surgeon/Oncologist,2011-07-17 19:04:07
susanmgalbraith,218097136,Susan Galbraith,2010-11-21 12:08:40
PWMJohnson,2526208421,Peter Johnson,2014-05-03 19:50:17
oreganruth,712479641504579584,Ruth O'Regan,2016-03-23 03:22:38
benhopark,50235328,Ben Ho Park,2009-06-24 06:34:22
Icro_Meattini,861213365510778886,Icro Meattini,2017-05-07 13:37:21
jgrif17,147826197,Jim Griffin,2010-05-25 04:20:47
RoisinMConnolly,1063607858539962368,Roisin Connolly,2018-11-17 01:40:49
quimmateo,303326420,Joaquin Mateo,2011-05-22 17:41:10
PavlosMsaouel,872939572090609664,Pavlos Msaouel,2017-06-08 22:13:07
DrFredLocke,1453786558360952833,Frederick L. Locke,2021-10-28 18:12:04
mtkutluk,610961321,Tezer Kutluk,2012-06-17 17:03:39
gerryhanna,261294282,Gerry Hanna,2011-03-05 17:18:54
gbanna74,418211812,Giuseppe Banna,2011-11-21 22:08:11
MosheOrnsteinMD,24136204,Moshe Ornstein MD,2009-03-13 05:54:46
NeilVasan,2175337510,Neil Vasan Lab,2013-11-10 04:50:29
pbcancerdoc,32884177,Bobby Green,2009-04-18 13:41:49
nourah_ibrahim,232320810,Nourah Ibrahim,2010-12-30 20:51:45
DrRRaviKannan,1260499934018703362,Dr.Ravi Kannan,2020-05-13 09:19:53
TekeMartha,1255692078929108995,"Martha Teke, MD",2020-04-30 02:55:05
temidayo,29107324,Dayo Fadelu,2009-04-06 00:48:34
DrStanLiu,2862259037,Dr Stanley Liu,2014-11-05 11:02:19
WallisCJD,3064895423,Christopher Wallis (he/him/his),2015-02-28 17:44:48
DrYolandaAugus1,1033110820232810497,Yolanda Augustin,2018-08-24 21:56:28
pcvblack,1706342389,Peter Black,2013-08-28 04:24:47
brendanweiss,363212080,"Brendan Weiss, MD",2011-08-27 18:26:12
alison_tree,3380987308,Alison Tree üíôüá∫üá¶,2015-07-17 22:03:46
guptaarjun90,965995092,Arjun Gupta,2012-11-23 12:11:59
protoninfo,58129899,"Les Yonemoto, MD MBA",2009-07-19 05:16:50
jvgermarmd,86325024,"Jay Germar, MD",2009-10-30 14:35:19
daniellerodin,269141534,Danielle Rodin,2011-03-20 05:13:06
rosiekaplanmd,818827371361009665,Rosandra Kaplan,2017-01-10 14:30:33
scserendipity1,792349619405594624,Simon C,2016-10-29 12:57:25
LizzySmyth1,1183289898876526594,Lizzy Smyth,2019-10-13 07:54:40
l_schapira,343577411,Lidia Schapira,2011-07-27 19:43:03
cnsternberg,32949808,Cora Sternberg,2009-04-18 17:28:27
jordanberlin5,1184179202838237184,Dr. jordan berlin,2019-10-15 18:48:33
donalb5,336779966,Donal Brennan,2011-07-16 22:11:18
oleg8r,5947042,"Alex Kentsis MD, PhD",2007-05-11 02:26:58
KMBaileylab,1061074618386137088,"Kelly Bailey MD, PhD",2018-11-10 01:54:37
silke4senate,1083010698144174080,Silke üåªüåªüåª,2019-01-09 14:40:46
MattGubensMD,862684565004877824,Matthew Gubens,2017-05-11 15:03:23
MutlaySayan,1051607418298347520,"Mutlay Sayan, MD",2018-10-14 22:55:21
chfloudas,24247824,C. 'Harris' Floudas,2009-03-13 20:34:08
dradityabardia,1697147768,"Aditya Bardia, MD",2013-08-24 18:29:37
MyriamChalabi,1054645155389718528,Myriam Chalabi,2018-10-23 08:06:14
ProfGLongMIA,997309741889044481,Professor Georgina Long AO,2018-05-18 02:55:46
EmelineAvikiMD,2424616375,"Emeline Aviki, MD, MBA",2014-04-03 01:45:01
hypermobiledoc,149148847,Anindita,2010-05-28 14:54:47
gchantada,54544389,Guillermo Chantada,2009-07-07 13:26:05
ILSONDavid,2460239448,ILSON David,2014-04-23 20:07:23
antgiorda,150297343,"Antonio Giordano, MD PhD",2010-05-31 15:44:18
lucindamorris23,241373775,Lucinda Morris,2011-01-22 03:17:26
Cancernetuk,849973412,CancernetUK,2012-09-27 21:15:57
foxal72,1194033295,Alessandro Volpe,2013-02-18 17:15:07
Garth_Nicholas1,1160789125,Garth Nicholas,2013-02-08 17:41:31
JuddMoul,2881260575,Judd Moul,2014-11-17 16:16:54
SohailTavazoie,49054083,Sohail Tavazoie,2009-06-20 16:58:29
dcmadoff,3911249721,"David C. Madoff, MD",2015-10-09 18:39:07
DrKateLurain,968230081138184198,Kate Lurain,2018-02-26 21:03:34
SamuelChaoMD,3610019837,Samuel Chao,2015-09-10 14:13:26
smitha42,216950629,Smitha Krishnamurthi,2010-11-18 04:27:40
hoosierdfh,1023316502,dan hayes,2012-12-20 02:11:08
KHigginsMD,930980859649204224,Kristin Higgins,2017-11-16 02:08:28
dralvaropinto,455019676,√Ålvaro Pinto,2012-01-04 17:02:26
savbrar,64846020,Sav Brar,2009-08-11 22:30:45
Armstrong_dfci,882192263396429824,Scott Armstrong,2017-07-04 11:00:00
SwisherLiz,1257268862,liz swisher,2013-03-10 15:19:15
ckimtweets,205941168,Chrissy,2010-10-21 23:08:50
DucreuxMichel,1295958463,Ducreux Michel,2013-03-24 17:07:21
ADurbinLab,1254775184680054791,Adam Durbin,2020-04-27 14:11:38
HimanshuNagarMD,2658211967,Himanshu Nagar,2014-07-01 00:55:13
BMT_DrNemecek,567489038,Eneida Nemecek üáµüá∑,2012-04-30 19:38:25
EshaKaul1,1162684283271598082,Esha Kaul,2019-08-17 11:15:22
dmkoffler,43908124,"Daniel Koffler, MD",2009-06-01 15:53:37
JIntile,39682012,Joanne Intile DVM,2009-05-13 03:54:26
AlastairGreyst2,812923946202972160,Alastair Greystoke,2016-12-25 07:32:27
PamSolimanMD,977903382638841857,Pamela T. Soliman MD,2018-03-25 13:41:49
SurenaMatinMD,864188926466154502,Surena F Matin MD,2017-05-15 18:41:10
pipcosper,1096130552351068166,"Pippa Cosper MD, PhD",2019-02-14 19:34:23
DrShubhamPant,91215160,Dr. Shubham Pant,2009-11-19 23:02:49
AprilSwobodaMD,1094956862565437441,"April Swoboda, MD",2019-02-11 13:50:34
OncoloJo,3369055797,Jo Evans,2015-07-10 11:48:34
vlitlemd,595042225,virginia litle,2012-05-31 00:44:43
andrew02114,38447126,"Andrew Yee, MD",2009-05-07 15:04:07
yehiaabugabal,254752502,"Yehia Abugabal, MD",2011-02-19 23:05:53
Chris_Barbieri1,2704033676,Chris Barbieri,2014-08-03 12:31:32
LaurenByersMD,1226879925510078464,"Lauren Averett Byers, MD",2020-02-10 14:45:55
AMansfieldMD,4828058460,Aaron Mansfield,2016-01-29 01:24:05
SandraDiBrito,4874636325,Sandra DiBrito,2016-02-03 19:42:24
ThiloZander,3155271593,Thilo J. Zander,2015-04-11 06:11:52
tnewsomdavis,2578665088,Tom Newsom-Davis,2014-06-02 22:12:57
JessieStuart316,221272992,"Jessie Stuart, MD",2010-11-30 06:06:13
ErinGillespieMD,716316004754833408,"Erin Gillespie, MD MPH",2016-04-02 17:26:58
LoiSher,349732354,"Sherene Loi, MD",2011-08-06 16:08:40
bnamd87,1236885923100418048,"Brian Na (ÎùºÏÉÅÍ∑ú, ÁæÖÁõ∏ÈÄµ)",2020-03-09 05:26:05
AndrewWardley,2331108166,Prof Andrew Wardley ü¶ã,2014-02-08 00:42:40
Oncology_Doctor,628903443,Richard Griffiths,2012-07-06 23:45:43
TimShowalter1,999023274939084800,Tim Showalter,2018-05-22 20:24:44
rdoebele,1470514477,"Robert C. Doebele, MD, PhD",2013-05-30 19:35:48
mdmanishshah,2390175907,Manish A. Shah,2014-03-15 01:31:58
IzzoJulie,2416016245,Julie Izzo,2014-03-28 14:40:57
CFWilsonJones,1233153348104310784,Charlotte Wilson Jones,2020-02-27 22:14:18
joshuagruber,303281723,Joshua J. Gruber,2011-05-22 16:06:42
ShaunaRadOnc,3322679304,"Shauna Campbell, DO",2015-08-21 20:55:35
dr_jonathant,2606578928,Jonathan Tomaszewski,2014-07-06 02:29:59
bdcrompton,747435797608030209,Brian Crompton,2016-06-27 14:25:55
DrOmarMian,2707023734,Omar Mian,2014-08-04 17:21:34
StephanieVBlank,1252967233,Stephanie Blank,2013-03-08 23:19:27
gregoryjaune,48327987,Gregory J. Aune,2009-06-18 12:06:37
DylanGraetzMD,1158936312696778753,Dylan Graetz,2019-08-07 03:02:03
vsanchorawala,4049770233,Vaishali Sanchorawala,2015-10-27 00:34:58
DKirschMDPhD,1234857817472827392,"David Kirsch, MD, PhD",2020-03-03 15:07:25
PamelaHalcyon,2328657872,Pamela Harper üá¨üáß,2014-02-05 11:45:10
AmarUKishan,929919632827232258,Amar Kishan,2017-11-13 03:51:32
JackAndrewsMD,30749058,Jack Andrews,2009-04-12 23:31:49
MyMKaiser,887676140185374720,Martin Kaiser,2017-07-19 14:10:58
MCWardMD,4039533489,Matthew Ward,2015-10-25 14:53:11
AnnaLeeMDMPH,1006920352700731393,Anna Lee,2018-06-13 15:24:54
jane_meisel,4351007123,"Jane Lowe Meisel, MD",2015-12-02 13:38:51
DrAJWalker,28048711,"Amanda Walker, MD",2009-04-01 04:15:25
AndraeVandross,412765874,Andrae Vandross,2011-11-15 03:22:42
EthicsdoctorP,785872752247005184,Jeffrey peppercorn MD,2016-10-11 16:00:39
DrJonathanK,737964647450476545,Jonathan Karpelowsky,2016-06-01 11:10:57
EMariamidze,1313477543035625474,Elene Mariamidze,2020-10-06 13:53:56
RossFH,88172188,"Ross Harrison, MD MPH",2009-11-07 12:03:11
levinemd,117418829,Douglas Levine MD,2010-02-25 14:13:14
DrDanielHeng,739500041316880385,Daniel Heng,2016-06-05 16:52:04
s_brond,1102483142,"Sam Brondfield, MD, MAEd",2013-01-19 01:29:06
CathyHandy,469003317,"Cathy Handy Marshall, MD MPH",2012-01-20 04:02:26
MattGalsky,724358751285813249,Matt Galsky,2016-04-24 22:05:59
DrJashDatta,700508678638714881,"Jash Datta, MD",2016-02-19 02:34:18
JuliaLClose,485357390,"Julia Close, MD, MBA",2012-02-07 03:38:53
ctleeuro,1861141494,Cheryl Lee,2013-09-13 17:08:12
scott_peak,124652639,Scott,2010-03-20 03:38:25
UrogerliMD,777643780899876864,Roger Li,2016-09-18 23:01:40
sabinbmotwanimd,2910424174,Sabin Motwani,2014-12-08 04:15:41
DrYaraRobertson,1328153318,Yara V. Robertson MD,2013-04-05 01:29:01
LailaAgrawalMD,1134511048143380481,"Laila Agrawal, MD",2019-05-31 17:24:46
mkitano7,808085071437721600,"Mio Âπ∏Á∑í Kitano, MD, MS, FACS (she/her/hers)",2016-12-11 23:04:29
KathrynRuddyMD,1954822074,Kathryn Ruddy,2013-10-11 19:00:31
Dr_S_Ackerman,101899561,"Scot Ackerman, M.D.",2010-01-05 00:02:07
laura_huppert,1255950517471023104,"Laura Huppert, MD",2020-04-30 20:02:01
FroitbergM,1004081804972822528,FRoitberg_MD,2018-06-05 19:25:32
SarahTevisMD,991435398566969344,"Sarah Tevis MD, FACS",2018-05-01 21:53:13
sands_jacob,2899746436,Jacob sands,2014-11-30 20:30:46
MMarmarelis,1362485461,Melina Marmarelis,2013-04-18 17:26:55
NicoleKuderer,929582049580564481,"Nicole Kuderer, MD, MS, FASCO üåéüá∫üá∏üá™üá∫üá∫üá¶üåè",2017-11-12 05:30:06
MartinTomMD,769618020285177856,Martin Tom,2016-08-27 19:30:09
ZimNl,501533503,David Zimmerman,2012-02-24 07:06:05
DrGuptaD,973376979788615681,"Dipti Gupta MD, MPH",2018-03-13 01:55:31
Jenn_Tseng,705241998739922944,Jennifer Tseng,2016-03-03 04:02:50
RobertLMetcalf,1386889364,Dr Rob Metcalf,2013-04-28 12:47:48
jamesbyu,1003238233,James Yu,2012-12-11 03:47:08
nickva1,26197384,Nicholas van As,2009-03-24 07:46:05
tdonahuemd,311766416,Timothy Donahue,2011-06-06 01:10:10
OncoDrjksingh,903642170539651072,DrJKSingh.ONCOLOGIST,2017-09-01 15:34:17
DrHealeyBird,2561813710,Dr Brian Healey Bird,2014-05-24 11:13:56
FilipJankuMD,899463655368122369,Filip Janku,2017-08-21 02:50:21
AndresC27622123,1139490581779030017,Andres Cervantes,2019-06-14 11:11:40
PrimoLaraMD,864166890,Lucky Lara,2012-10-06 05:19:34
MonaArbabMD,1192271003927404544,"Mona Arbab, MD MEd",2019-11-07 02:42:23
JamesClearyMD,1108902243934396417,James Cleary,2019-03-22 01:24:32
TimGilliganMD,834806746925375488,Tim Gilligan,2017-02-23 16:46:53
fperrone62,3312924448,Francesco Perrone,2015-06-08 07:32:44
Bando_Lab,1350619989183758338,Pratiti (Mimi) Bandopadhayay,2021-01-17 01:44:40
kmschmeler,368691155,Kathleen Schmeler MD,2011-09-06 02:11:47
rcarvalhoonco,193346687,Ricardo Carvalho,2010-09-21 16:08:37
patrickhu,22724460,Patrick Hu,2009-03-04 03:04:45
ChristinaChapMD,851751023387586560,"Christina Chapman, M.D., M.S.",2017-04-11 10:57:23
DrNCoburn,931536622117584896,Natalie Coburn,2017-11-17 14:56:52
DrNagourney,54056687,"Robert Nagourney, MD",2009-07-06 00:38:26
StefanoLuminari,2192655026,"Stefano Luminari, MD",2013-11-13 17:31:39
anaikothari,484056672,Anai N. Kothari,2012-02-05 17:49:37
bryankli,127741457,"Bryan Li, MD",2010-03-30 03:17:34
rpmerkow,31628328,"Ryan Merkow, MD, MS",2009-04-16 03:32:27
FilipaLynce,2871626465,"Filipa Lynce, MD, FASCO",2014-11-11 01:50:59
benfergvson,13838802,Ben Ferguson,2008-02-22 21:27:56
JordiRemon,840695654120849408,Jordi Remon,2017-03-11 22:47:18
drjasonstarr,822673167445463040,Jason Starr,2017-01-21 05:12:22
drymtn,1894523491,"Skye C. Mayo, MD, MPH",2013-09-22 17:31:51
toddscarbrough,68764289,Todd Scarbrough,2009-08-25 18:17:17
drdavidpalma,1479910242666356740,"Dr. David Palma, MD PhD",2022-01-08 20:18:01
bermar01,465636514,Russell Berman,2012-01-16 15:38:17
GilbertZMurimwa,1096798871764779008,"Gilbert Z Murimwa, M.D.",2019-02-16 15:50:03
ZPiotrowskaMD,739697066084081664,Zosia Piotrowska,2016-06-06 05:54:58
CarlosArteagaMD,1016743132090781696,"Carlos L. Arteaga, M.D.",2018-07-10 17:57:07
AtishChoudhury,776538496832004097,"Atish Choudhury, MD PhD",2016-09-15 21:49:39
Jia_Luo,308338117,"Jia Luo, MD",2011-05-31 07:15:38
clarongamd,788354084046774273,Christine Laronga,2016-10-18 12:20:35
dr_turk,374658111,Richard Turkington,2011-09-16 18:04:39
WallerOne,3312799446,Sam Waller,2015-08-12 00:12:17
LudaBazhenovaMD,1134513100907065345,LudaBazhenovaMD,2019-05-31 17:32:56
VriesElisabeth,1164502992759996418,Elisabeth de Vries,2019-08-22 11:42:56
AggarwalOnc,1059555445172506626,Ajay Aggarwal,2018-11-05 21:17:58
CLevenbackMD,996434646845059073,Charles Levenback M.D.,2018-05-15 16:58:27
ANordenMD,1367895902,Andrew Norden,2013-04-20 20:04:32
JyotiBajpai01,1164657169146490881,Jyoti Bajpai,2019-08-22 21:54:51
DocSacher,3890370623,"Adrian Sacher, M.D.",2015-10-07 13:32:29
ProfDMThomas,2477675905,Professor DM Thomas,2014-05-05 01:56:05
TClancyMD,1203179750,Thomas Clancy,2013-02-21 06:08:14
dr_vesi,939503114,Danny Vesprini,2012-11-10 17:13:28
TJH0828,293182860,Tina J Hieken MD,2011-05-04 22:18:14
KatieLaiMD_MPH,2366194437,Dr. Catherine Lai,2014-02-26 03:34:50
jmchan88,3246431074,"Joseph Minhow Chan, MD, PhD",2015-05-11 15:07:18
CentralParkWMD,343223445,"Wungki Park, MD MS",2011-07-27 07:16:03
RSalaniMD,2389603399,Ritu Salani,2014-03-14 18:08:28
LoriLeslieMD,625369731,Lori Leslie,2012-07-03 05:37:19
MehrazinMD,840655172,"Reza Mehrazin, MD",2012-09-22 23:51:41
sdanson1,867042011177766913,Professor Sarah Danson,2017-05-23 15:38:19
Dominick_Bosse,4730954748,"Dominick Boss√©, MD MPH",2016-01-09 01:45:23
doctorkarpoff,2474139426,Howard Karpoff,2014-05-02 15:00:37
EAEisenhauer,1642003076,Elizabeth Eisenhauer,2013-08-03 04:08:26
lisamforce,3020397631,Lisa Force,2015-02-15 02:55:11
DrTerstriep,463190751,Shelby (Belquist) Terstriep,2012-01-13 20:44:14
Prasshmehta,1131767204972716032,Prashant Mehta,2019-05-24 03:41:43
AdityaBagrodia,873154517856071681,DrBagrodia,2017-06-09 12:27:14
DJPinato,726462906813059073,David James Pinato üá∫üá¶,2016-04-30 17:27:08
drprunellab,177783246,Prunella Blinman,2010-08-13 01:47:30
Jiantkwazi,19085228,Jiantkwazi,2009-01-16 20:57:40
tpjmd,44132101,Tyler Johnson,2009-06-02 14:54:22
JKleinMD,2391772380,Jonathan Klein,2014-03-15 23:45:17
ChadTangMD,1007331798286766081,"Chad Tang, MD",2018-06-14 18:39:50
KalinskyKevin,1087816554400698379,"Kevin Kalinsky, MD, MS",2019-01-22 20:57:32
sandrapdangelo,3231951793,"Sandra P D'Angelo, MD",2015-05-31 18:57:23
mary_dillhoff,3001191480,Mary Dillhoff MD,2015-01-29 12:34:49
KSMurrayUro,1273302731982168064,KATIE MURRAY,2020-06-17 17:13:39
DrAndreaKoko,996534659738726400,Andrea Kokorovic MD,2018-05-15 23:35:52
JaydiDelRivero,893532960833622017,"Jaydira Del Rivero, MD",2017-08-04 18:03:53
AdamRMetwalli,2385981985,"Adam R. Metwalli, MD",2014-03-12 23:55:21
lawrentschuk,487375201,Nathan Lawrentschuk,2012-02-09 09:13:21
Joshua_Reuss,1265707067098177539,Joshua Reuss,2020-05-27 18:11:02
glaking,37386889,George Laking,2009-05-03 08:03:32
LiaPalomba,2294342367,Lia Palomba,2014-01-20 22:22:34
DrJJZhang,246833675,"JJ Zhang, MD",2011-02-03 15:26:01
julian_hong,36828583,Julian Hong,2009-05-01 00:34:37
LindaMThoracic,1361475394491326467,Linda Martin,2021-02-16 00:40:26
docbraunstein,2333504019,"Marc Braunstein, MD, PhD, FACP",2014-02-09 10:51:29
akshaygn,127539480,Akshay Nair,2010-03-29 14:46:51
vidit_sharma_,1383316663,Vidit Sharma,2013-04-27 01:50:25
WeickhardtOnc,595686345,DrAndrewWeickhardt,2012-05-31 16:08:34
RodBreau,275830188,Rod Breau,2011-04-02 02:55:15
rleonferre,115073699,Roberto Leon-Ferre,2010-02-17 14:41:51
BiachiTiago,1110591495835447298,Tiago Biachi,2019-03-26 17:17:01
rklein1010,15191757,Randy Klein,2008-06-21 18:46:14
tjroycemd,1017068031166599169,Trevor J. Royce MD MPH,2018-07-11 15:28:09
samsonpp,1245095552,"Pamela Samson, MD",2013-03-06 02:31:27
sdent_duke,2208137295,Susan dent,2013-12-05 01:02:39
tsonipeled,319392743,Jonathan (Tsoni) Peled,2011-06-18 01:38:02
eberger32,36873535,Elizabeth Berger,2009-05-01 03:42:08
RamyRahme,387917709,Ramy J. Rahm√©,2011-10-09 21:34:51
Mitch_Garrison,49555067,Mitchell Garrison,2009-06-22 06:17:37
mbilusic,30562618,"Marijo Bilusic, MD, PhD",2009-04-12 00:38:46
DrGPrakash,435979304,Gaurav Prakash M.D.,2011-12-13 17:09:12
DrPaulNguyen,807962809,Paul Nguyen,2012-09-07 01:38:23
AGomez_MD,557045805,Alexandra Gomez A.,2012-04-18 15:30:57
DrDarrenFeldman,750077526098186240,Dr. Darren Feldman,2016-07-04 21:23:12
spshubeck,267841189,Sarah Shubeck MD MS,2011-03-17 16:57:28
oncoblogger,33449751,Oncoblogger,2009-04-20 06:53:41
DrElizaHawkes,940253275424808962,Eliza Hawkes,2017-12-11 16:13:44
kmaddmd,4254177435,Kami Maddocks,2015-11-23 02:57:56
JSabari,213102841,"Joshua Sabari, MD",2010-11-07 23:57:14
MKhasraw,1133522849828810753,Mustafa Khasraw,2019-05-28 23:58:02
MarianaBrandao0,938821014380863488,Mariana Brandao,2017-12-07 17:22:27
D_HenryMD,778613162685952000,"Danielle Henry, MD",2016-09-21 15:13:38
Tullika_Garg,1249360578,Tullika Garg,2013-03-07 15:36:57
RunLiz,319634794,"Elizabeth Gleeson, MD, MPH",2011-06-18 13:23:44
jchardaway_md,19514809,John (J.C.) Hardaway,2009-01-26 01:29:37
gregauff,709456235985301504,Greg Auffenberg,2016-03-14 19:08:42
laubernard,118244512,Laurence Bernard,2010-02-28 02:00:03
khaledghanem,38667349,Khaled Ghanem üéó,2009-05-08 13:42:06
DrRaviSalgia,1261386261639528449,Dr. Ravi Salgia,2020-05-15 20:01:42
CarmineSimon,1340825462,Carmine Simone,2013-04-10 02:39:28
RamonSalazarS,273623356,Ramon Salazar,2011-03-28 21:10:39
PeterHoseinMD,1026201435543949318,"Peter Hosein, MD",2018-08-05 20:21:02
DrBrandonB,2939994415,"Brandon Bernard, MD, MPH",2014-12-22 20:22:47
Sonampuri,283356214,Sonam Puri MD,2011-04-17 04:00:57
DrPMPGI,889109887510208512,Pankaj Malhotra,2017-07-23 13:08:10
EricDonnellyMD,986793765020028929,Eric Donnelly,2018-04-19 02:29:02
DrTanWP,823320839240163328,"Wei Phin Tan, MD, MHS",2017-01-23 00:05:59
GRecondoMD,743925930264006656,Gonzalo Recondo,2016-06-17 21:58:58
ultanmcd,3308143169,Ultan McDermott,2015-06-04 12:39:25
PatrickKenneyMD,2557500668,Patrick Kenney,2014-06-09 20:48:03
RodMakeKidsBald,484311507,Dr Rod,2012-02-05 23:46:42
AmitKulkarniMD,34853048,Amit Kulkarni,2009-04-24 04:59:17
SamWangMD,738712425994719234,Sam C. Wang,2016-06-03 12:42:21
CoreyLangerMD,1171148908418015232,Corey Langer,2019-09-09 19:50:48
drrmthomas,326803899,"Ryan M. Thomas, MD",2011-06-30 14:28:36
DrJonLim,1424674381,Jon Lim,2013-05-13 05:09:41
StefThomasMD,833132711241846784,"Stefanie Thomas, MD",2017-02-19 01:54:52
shannonofferman,14791475,"Shannon Offerman, MD",2008-05-15 22:38:17
OSUCardioOnc,2362978764,"R.R. Baliga, MD",2014-02-26 17:29:31
KVanLoonMD,1360058500525608963,"Katherine Van Loon, MD, MPH",2021-02-12 02:49:57
docrohatgi,1272594346445955074,dr nitesh rohatgi,2020-06-15 18:18:41
DrWilliamHwang,1298440104684347392,William L Hwang,2020-08-26 02:01:31
PorterAlyx,1192166097086115840,Alyx Porter Umphrey MD,2019-11-06 19:45:33
shomgoel,2763680614,Shom Goel,2014-09-07 03:07:40
linuscmd,409753742,Linus T Chuang,2011-11-11 05:22:27
Ozradonc,703752417343463424,Dr Noel Aherne,2016-02-28 01:23:46
DrLaurenNye,3305468643,Lauren Nye,2015-06-01 11:36:02
RupenShahMD,17693095,Rupen Shah,2008-11-27 23:34:34
CrisyRoland,905444117160878080,"Christina Roland, MD, MS",2017-09-06 14:54:34
DKarikios,1554484200,Dr Deme Karikios,2013-06-29 02:06:11
NDeVitoMD,622986908,Nicholas DeVito,2012-06-30 17:27:56
FranklinHuang,33499622,Franklin Huang,2009-04-20 12:45:04
RoyStrowdMD,809094430179414016,"Roy Strowd, MD, MEd, MS",2016-12-14 17:55:19
masstransitalex,354025023,Alex Haynes,2011-08-13 01:02:02
christinefeng,66825644,Christine Feng,2009-08-18 22:38:03
RanjitKSMD,1218820862247198721,Ranjit Kumar Sahoo,2020-01-19 09:02:03
amandanfader,979052600640393216,"Amanda Nickles Fader, MD",2018-03-28 17:48:24
amandaaminmd,3127455723,"Amanda L. Amin, MD MS",2015-03-29 20:51:09
DrCESimmons,979972434,Christine Simmons,2012-11-30 07:44:42
Drmojolaomole,583421921,mojola omole üåà,2012-05-18 03:30:23
delararitchie,969607965161545733,"Ritchie Delara, MD, FACOG, FACS",2018-03-02 16:18:48
JWhittington276,722464482937741313,Jenn Whittington,2016-04-19 16:38:50
caliraf,273407022,Raffaele Califano,2011-03-28 12:44:56
montrose52,239101324,Jeff Montgomery,2011-01-16 20:33:39
PortiaLThomas,111044235,"Portia L. Thomas, Ph.D., M.D. (she/her)",2010-02-03 16:34:59
AmishiBajajMD,1173436428380004357,"Amishi Bajaj, MD",2019-09-16 03:20:30
NAbuhadra,1089304813534412801,Nour Abuhadra,2019-01-26 23:31:20
BrentMoodyTN,824678270478258176,Brent Moody,2017-01-26 17:59:56
astaffordmd,1264260440651112449,"Arielle Stafford, MD",2020-05-23 18:22:41
MedpageOnco,1085621335173332992,MedPage Oncology,2019-01-16 19:34:30
DrPKSudi,938798111606046720,"Preeti Sudheendra MD, DipABLM",2017-12-07 15:51:26
davidjeinstein,2979168849,David Einstein,2015-01-15 01:33:52
afonsera1,111417805,Javier Afonso,2010-02-04 21:23:51
MHadziMD,1077953023849181184,Mersiha Hadziahmetovic,2018-12-26 15:43:23
jgong15,794376699161018368,Jun Gong,2016-11-04 03:12:18
caitlinahester,846586050,Caitlin Hester,2012-09-26 02:05:13
DrAndrewVassil,280280682,DrAndrewVassil,2011-04-11 01:12:55
MeganKruseMD,808667499046768640,Megan Kruse,2016-12-13 13:38:50
heather_chalfin,704655009829539840,Heather Chalfin,2016-03-01 13:10:21
MikeSerzanMD,1373600789239885826,"Michael Serzan, MD",2021-03-21 11:42:14
AliSchram,4400270489,Alison Schram,2015-12-07 02:37:13
DavidLimMD,2616687151,David W. Lim,2014-07-11 04:16:26
pwheatleyprice,1004053676,Paul Wheatley-Price,2012-12-11 13:35:54
GabrielleVanRam,1046384657619701760,"Gabrielle van Ramshorst, MD PhD FECSM FEBS FSSO",2018-09-30 13:01:58
LynnDecoster,1085450284283904000,Lynn Decoster,2019-01-16 08:14:49
JohnEMullinaxMD,4164078587,"John E. Mullinax, MD, FACS",2015-11-11 13:33:44
AdamJSchoenfeld,533462148,Adam J. Schoenfeld,2012-03-22 18:43:20
stef_corradini,1215009659108646912,Stefanie Corradini üåü,2020-01-08 20:37:42
DrRFreedman,2848558691,"Rachel Freedman, MD, MPH",2014-10-28 18:02:42
andygaya,49599191,Andy Gaya,2009-06-22 11:11:44
MichaelAhdootMD,87543050,Michael Ahdoot MD,2009-11-04 21:53:09
NVijayvergiaMD,1056005854003118080,Namrata (Neena) Vijayvergia MD,2018-10-27 02:13:10
UzomaMDPhD,1117191539896266753,"Uzoma K. Iheagwara, MD, PhD",2019-04-13 22:23:14
JoshLangMD,1398023233748848642,Josh Lang,2021-05-27 21:08:25
KatherineFuh,148503516,Katherine Fuh MD PhD,2010-05-26 21:45:16
ipreeshagul,1481102035,Isabel Preeshagul,2013-06-04 01:45:43
dsmgyo,46573667,David Scott Miller,2009-06-12 03:48:05
SahgalArjun,884786744230641664,arjun sahgal,2017-07-11 14:49:33
RoyV123,212863978,Roy Vongtama,2010-11-07 08:17:51
MVanMeterMD,1003286754382811136,"Margaret Van Meter, MD",2018-06-03 14:46:17
DrRohitMoudgil,891053656275025920,Rohit Moudgil MD PhD,2017-07-28 21:52:01
NeilReaumeMD,863542072049102848,Neil Reaume MD,2017-05-13 23:50:48
AtomicCityDoc,843931662669021185,"Philip Sharp,MD",2017-03-20 21:06:02
jonathanloree,2415314683,Jonathan Loree,2014-03-28 03:49:21
EGrubbsMD,42136547,"Elizabeth Grubbs, MD",2009-05-24 01:26:23
GyasiSamilia,1245382224834428928,"Samilia Obeng-Gyasi, MD, MPH",2020-04-01 16:07:21
rogerhkim,302168413,"Roger H. Kim, MD",2011-05-20 18:29:40
cvangelesMD,923323747255250944,Christina Angeles MD,2017-10-25 23:01:50
kpmcguiremd,59549863,Kandace McGuire,2009-07-23 18:40:34
MHuynhLe,1131403944473767937,"Minh Huynh-Le, MD, MAS",2019-05-23 03:38:15
whallradonc,830861786077392897,"William A Hall, MD",2017-02-12 19:31:01
BouthainaDabaja,3278953034,Bouthaina Dabaja MD,2015-07-13 22:52:38
bagalbp,2920462416,Bhausaheb Bagal,2014-12-06 10:20:54
malkadav,979224181,David Malka,2012-11-29 21:43:28
jestsai,30751672,"Jessica Tsai, MD, PhD",2009-04-12 23:46:03
5_utr,1361895014935199745,M. Bolton,2021-02-17 04:27:47
ASanchez_UroOnc,756639679471116288,"Alejandro Sanchez, MD",2016-07-22 23:58:52
DVFelaine,1200634549,Debb Farr,2013-02-20 11:31:04
KatieKeaneMD,1124129579784974336,Katie Keane,2019-05-03 01:52:31
anita_deswal,1043616372205531136,Anita Deswal,2018-09-22 21:41:47
NathanCWongMD,3317290184,Nathan Wong,2015-08-17 01:32:29
drznahleh,825500666269282304,"Zeina Nahleh, MD, FACP",2017-01-29 00:27:50
sindhu_kunal,761696031734050816,Kunal Sindhu,2016-08-05 22:51:00
DanielMOConnor,75403597,Daniel O'Connor,2009-09-18 22:28:42
clacardone,871650506900463616,Claudia Cardone,2017-06-05 08:50:50
claire_paters0n,2205158633,Claire Paterson üíô,2013-12-02 21:47:46
MScordoMD,1173667514041143297,Michael Scordo,2019-09-16 18:40:05
AnnKloppMD,936707155654307840,Ann Klopp,2017-12-01 21:22:43
Dr_Curley,226435688,"Brendan Curley DO, MPH",2010-12-14 04:26:26
jashenson,18169340,"Jared Shenson, MD",2008-12-16 18:58:09
WadeJSexton9,967538436046577664,Wade J Sexton,2018-02-24 23:15:13
DrJohnKang,1108240059021619200,John Kang,2019-03-20 05:33:14
Ecastromarcos,880791399976882176,Elena Castro,2017-06-30 14:13:28
drtclay,1259149242,A/Prof Tim Clay,2013-03-11 10:53:29
RyanNguyenDO,254147170,Ryan Nguyen,2011-02-18 18:08:10
janeway_MD,1116700124045021186,Katie Janeway,2019-04-12 13:50:31
Amolpatel_dr,811592170507378689,Amol Patel,2016-12-21 15:20:27
DrVinayakV,1558875484955545607,"Vinayak Venkataraman, MD",2022-08-14 17:58:55
dryogik,133737447,yogesh kulkarni,2010-04-16 14:08:52
SParsaiMD,771505261999714304,Shireen Parsai,2016-09-02 00:29:23
AmandaNizamMD,106342723,"Amanda Nizam, MD",2010-01-19 07:22:54
KaraLongRoche,31784869,Kara Long,2009-04-16 13:29:03
AlanBryce9,1151449043622608896,Alan H Bryce,2019-07-17 11:10:19
DrStish,875534719710048256,Bradley Stish,2017-06-16 02:05:18
HKennecke,2378288102,Hagen Kennecke,2014-03-08 06:54:27
DrKarineTawagi,1112755822113841153,Karine Tawagi MD,2019-04-01 16:37:16
NehaVapiwala,1187427134114918401,Neha Vapiwala,2019-10-24 17:57:49
DrVijayPatil11,1175600435169656833,Dr (Prof). Vijay Patil,2019-09-22 02:39:31
SunnieSKim,63366575,"Sunnie Kim, MD",2009-08-06 04:11:43
KFraserDO,1111447558856032256,"Kristina Fraser, DO",2019-03-29 01:58:42
realgmolina,3446952503,George Molina,2015-08-26 12:37:15
anmwongNZ,2223935749,Annie Wong ÈªÉÊØÖÊïè,2013-12-01 00:31:56
AnkitAgarwalMD,217845467,Ankit Agarwal,2010-11-20 18:04:41
BHuffmanMD,866156538414510080,"Brandon Huffman, MD",2017-05-21 04:59:45
DrReshmaMahtani,739381898590355456,Reshma Mahtani,2016-06-05 09:02:36
Dr_KGallagher,3343370272,Kristalyn Gallagher,2015-06-23 23:34:19
RickLee6,567440347,Rick Lee Ïù¥Ïû¨Î∞©,2012-04-30 18:26:14
ahmadhamad4,198978830,"Ahmad B. Hamad, MD, MS",2010-10-05 18:36:59
FlorianLordick,1049643385739468800,Florian Lordick,2018-10-09 12:50:59
ajuloorimd,780064454247649280,Aditya Juloori,2016-09-25 15:20:33
detsang,50070567,Derek Tsang,2009-06-23 19:16:10
zeynepiremozay,1566041664707239936,"Zeynep Irem Ozay, MD",2022-09-03 12:33:43
FioreDoc,1016192172,"Marco Fiore, MD, FACS, FEBSh",2012-12-16 22:22:05
hafaydeefe,34837810,Hayde√© Verduzco,2009-04-24 03:46:50
anita_turk,939173333123391488,Anita Turk,2017-12-08 16:42:26
delvysra,748525553242750976,Delvys Rodriguez Abreu,2016-06-30 14:36:13
Gunti777,2946630574,Sanjeeva Gunasekera,2014-12-28 22:25:59
FrancescoSche20,1169591535123488769,"Francesco Schettini, MD PhD üáÆüáπüá™üá∏üá™üá∫",2019-09-05 12:42:21
AlyssaRieber,977529950633852929,"Alyssa Rieber, MD",2018-03-24 12:57:56
MarkMishraMD,1141500354942656512,Mark V. Mishra,2019-06-20 00:17:47
HugoFord,86179370,Hugo Ford,2009-10-29 22:31:13
mleapman,33294985,Michael Leapman,2009-04-19 19:55:27
RavinRatan,1467164317,Ravin Ratan,2013-05-29 12:25:39
NadalErnest,912442251099410432,Ernest Nadal,2017-09-25 22:22:39
AlGarfall,2686200026,Al Garfall,2014-07-27 23:59:14
quirogad,29078903,"Dionisia Quiroga, DO, PhD",2009-04-05 22:10:57
DrHut10,1099076832949870593,"Ryan Hutten, MD",2019-02-22 22:41:51
ndesai2005,3519683472,Neil Desai,2015-09-10 21:47:29
JenniferLaFemi1,1188838544350924801,Jennifer LaFemina,2019-10-28 15:23:06
AlexandraCzap,1093262035826073601,Alexandra Czap,2019-02-06 21:35:55
YYElamin,995098062375804929,"Yasir Yousif Elamin, MD",2018-05-12 00:27:20
JoeChaoMD,811958195602108416,Joseph Chao,2016-12-22 15:34:54
MattMilowsky,2539873772,Matt Milowsky,2014-06-01 15:32:19
johnwshumway,123033103,John Shumway MD,2010-03-14 19:18:30
lweisenthal,18370115,Larry Weisenthal,2008-12-25 04:04:26
salingpusalang,1907530086,viktoria valera,2013-09-26 11:22:00
oncodocsydney,1386218623,Katrin Sjoquist,2013-04-28 05:45:18
DrConnieBatlevi,1495916496,Connie Batlevi,2013-06-09 15:55:03
PeritonealCaDoc,2439474578,Sherif Abdel-Misih,2014-04-12 04:05:34
VidalRadOnc,46450452,Gabri.El Vid.Al,2009-06-11 18:18:48
Lymphoma_MD,969965639719931905,"Amitkumar Mehta, MD",2018-03-03 16:00:04
Ecosurgeon,1443825812,Andrea MacNeill,2013-05-20 13:33:51
marthpodi,590487293,Parth K. Modi,2012-05-26 01:49:00
AshwinShindeMD,1240427411910488064,Ashwin Shinde,2020-03-18 23:58:41
UroMADMD,1126351020362272768,Michael Daneshvar,2019-05-09 04:59:44



[@adapthyun @JAMRadOnc @HenryParkMD @ShervinTabrizi @ErinGillespieMD @RLI_ACR @aguilera_md @intpros1 @brockdebenham @andyzwang @HannahRobertsMD @DrLesterColl @DrJohnKang @KatieKeaneMD @johnwshumway @BenLok @DavidDbal @PagingDrPage @NeilWoodyMD @ProfAJChalmers @adamnowlan @FaithZhangMD @DrPaulNguyen @mirandalammd @PAradsociety @MHuynhLe @DrAlexLouie @PierceLoriJ @tjroycemd @IOEssentials]


map[string]string ["Born in Majorca. Medical oncologist. Clinical researcher. Focused in lung cancer. World citizen. Major concerns: human inequality and blue planet environment": "Born in Majorca. Medical oncologist. Clinical researcher. Focused in lung cancer. World citizen. Major concerns: human inequality and blue planet environment", "USA Table Tennis (USATT) is the national governing body for table tennis (ping-pong) in the United States.": "USA Table Tennis (USATT) is the national governing body for table tennis (ping-pong) in the United States.", "Urologic oncologist @MoffittNews | Translational researcher | Views are my own": "Urologic oncologist @MoffittNews | Translational researcher | Views are my own", "MD-PhD; Radiation oncologist with a passion for health equity; addressing health literacy; loving patients & advocates; empowering individuals & communities.": "MD-PhD; Radiation oncologist with a passion for health equity; addressing health literacy; loving patients & advocates; empowering individuals & communities.", "Love. Marriage. Betrayal. Murder. Based on the shocking true crime, it's #DirtyJohn: The #Betty Broderick Story on @USA_Network.": "Love. Marriage. Betrayal. Murder. Based on the shocking true crime, it's #DirtyJohn: The #Betty Broderick Story on @USA_Network.", "Chair of Medicine U Rochester @URMC_DeptMed Breast oncologist Wilmot Cancer Institute, Dubliner üçÄ üáÆüá™ Packers and Badgers fan  All views expressed are my own": "Chair of Medicine U Rochester @URMC_DeptMed Breast oncologist Wilmot Cancer Institute, Dubliner üçÄ üáÆüá™ Packers and Badgers fan  All views expressed are my own", "A fanbase by USA fans of BTS V üêØ Kim Taehyung ‚ú®Dedicated to support BTS V and to spread happiness on his behalf.‚ú®Part of @VGlobalUnion| IG: taehyungusafb": "A fanbase by USA fans of BTS V üêØ Kim Taehyung ‚ú®Dedicated to support BTS V and to spread happiness on his behalf.‚ú®Part of @VGlobalUnion| IG: taehyungusafb", "Gynecologic oncologist, global health volunteer, laparoscopic and robotic surgeon": "Gynecologic oncologist, global health volunteer, laparoscopic and robotic surgeon", "Urologic oncologist, health services researcher, & associate PD at University of Wisconsin & Chief of Urology at William S. Middleton Memorial VA hospital.": "Urologic oncologist, health services researcher, & associate PD at University of Wisconsin & Chief of Urology at William S. Middleton Memorial VA hospital.", "Official account of U.S. Embassy in India. RTs/links are not endorsement. Follow US Ambassador to India at @USAmbIndia. Terms of use: https://t.co/Hz0PCXRUZ7": "Official account of U.S. Embassy in India. RTs/links are not endorsement. Follow US Ambassador to India at @USAmbIndia. Terms of use: https://t.co/Hz0PCXRUZ7", "well a doctor sadly ...\nn a memer happily": "well a doctor sadly ...\nn a memer happily", "Professor and thoracic oncologist, Vice Chair Clin Res @ClevelandClinic Cancer Inst, @ASCO #EdBook Editor in Chief, Dad, Steelers fan. All opinions mine. #LCSM": "Professor and thoracic oncologist, Vice Chair Clin Res @ClevelandClinic Cancer Inst, @ASCO #EdBook Editor in Chief, Dad, Steelers fan. All opinions mine. #LCSM", "The official Audio-Technica USA Twitter! We are a worldwide organization devoted to developing award-winning microphones, headphones & other audio equipment.": "The official Audio-Technica USA Twitter! We are a worldwide organization devoted to developing award-winning microphones, headphones & other audio equipment.", "USA for UNHCR provides critical support to @refugees - standing #WithRefugees to help save, protect and rebuild the lives of millions.": "USA for UNHCR provides critical support to @refugees - standing #WithRefugees to help save, protect and rebuild the lives of millions.", "National Catholic peace movement since 1972. We work for peace with justice. #PeaceofChrist Instagram & Facebook: @PaxChristiUSA": "National Catholic peace movement since 1972. We work for peace with justice. #PeaceofChrist Instagram & Facebook: @PaxChristiUSA", "DWM is the official #doctorwho magazine. \nSubscriptions: drwhomagazine@escosubs.co.uk \nFor BBC Commercial Services, see https://t.co/qGANcbQcWK": "DWM is the official #doctorwho magazine. \nSubscriptions: drwhomagazine@escosubs.co.uk \nFor BBC Commercial Services, see https://t.co/qGANcbQcWK", "Official account of the Gov. of #Flanders, Belgium in the USA. Promoting a better understanding of #Flemish culture, history, government, education & innovation": "Official account of the Gov. of #Flanders, Belgium in the USA. Promoting a better understanding of #Flemish culture, history, government, education & innovation", "YSR Congress Party Supporters USA üáÆüá≥ üá∫üá∏| Join us in supporting Jagananna for a brighter future to AP!": "YSR Congress Party Supporters USA üáÆüá≥ üá∫üá∏| Join us in supporting Jagananna for a brighter future to AP!", "A real doctor, just not that kind of doctor. Ex falso quodlibet.": "A real doctor, just not that kind of doctor. Ex falso quodlibet.", "Palliative care doctor üë©üèª\u200d‚öïÔ∏è Writer üìöüé• Rep: @AitkenAlexander üìù Pub: @LittleBrownUK üìñ Founder: @hospiceukraine üá∫üá¶ NHS üíô": "Palliative care doctor üë©üèª\u200d‚öïÔ∏è Writer üìöüé• Rep: @AitkenAlexander üìù Pub: @LittleBrownUK üìñ Founder: @hospiceukraine üá∫üá¶ NHS üíô", "The Girl Who Stood Up For Emotional Intelligence in Nigeria. \nFounder: @emotionscity üá∫üá∏ üåç\nAuthor: Soul Stripper on @Amazon\nYoutube: @emotionsdoctor": "The Girl Who Stood Up For Emotional Intelligence in Nigeria. \nFounder: @emotionscity üá∫üá∏ üåç\nAuthor: Soul Stripper on @Amazon\nYoutube: @emotionsdoctor", "Welcome to Blockchain USA Offcial Come on and become Rich together Top 1 Binance Futures Signal . Telegram : https://t.co/OIw6XnUcA1 .": "Welcome to Blockchain USA Offcial Come on and become Rich together Top 1 Binance Futures Signal . Telegram : https://t.co/OIw6XnUcA1 .", "Ahmadiyya Muslim Lawyers Association USA": "Ahmadiyya Muslim Lawyers Association USA", "London shoulder surgeon. Visiting Professor of Sports Science, University of Greenwich. Insta: shoulderdoctor": "London shoulder surgeon. Visiting Professor of Sports Science, University of Greenwich. Insta: shoulderdoctor", "An Australian oncologist with an interest in GU malignancies, phase 1 trials, cycling and having fun with the family": "An Australian oncologist with an interest in GU malignancies, phase 1 trials, cycling and having fun with the family", "The official Twitter account for The Salvation Army USA | #LoveBeyondAll": "The official Twitter account for The Salvation Army USA | #LoveBeyondAll", "Genitourinary medical oncologist specializing in testicular CA, extragonadal germ cell tumors and kidney CA @sloan_kettering. Views and tweets are my own.": "Genitourinary medical oncologist specializing in testicular CA, extragonadal germ cell tumors and kidney CA @sloan_kettering. Views and tweets are my own.", "Consultant clinical oncologist. She/ her.": "Consultant clinical oncologist. She/ her.", "I'm not important; what I say is. e-mail : theskindoctor13@gmail.com": "I'm not important; what I say is. e-mail : theskindoctor13@gmail.com", "Penguin Books USA is the U.S. affiliate of the internationally renowned Penguin Group.": "Penguin Books USA is the U.S. affiliate of the internationally renowned Penguin Group.", "Information about study opportunities in the USA.": "Information about study opportunities in the USA.", "Catholic Charities USA is a national nonprofit that works to reduce poverty and advocates for justice in social structures. #WeareCatholicCharities": "Catholic Charities USA is a national nonprofit that works to reduce poverty and advocates for justice in social structures. #WeareCatholicCharities", "Official GIGABYTE USA Twitter Page. #GIGABYTE to be featured!": "Official GIGABYTE USA Twitter Page. #GIGABYTE to be featured!", "The official Twitter account of the Assemblies of God USA.": "The official Twitter account of the Assemblies of God USA.", "Official account of Infosys Foundation USA. Supporting greater access and inclusion in Computer Science education. #CSforAll #DiversityInTech #MakerEd": "Official account of Infosys Foundation USA. Supporting greater access and inclusion in Computer Science education. #CSforAll #DiversityInTech #MakerEd", "GU oncologist, prostate cancer specialist and researcher, Prostate Cancer Section Head @MSKCancerCenter. Tweets and views are my own.": "GU oncologist, prostate cancer specialist and researcher, Prostate Cancer Section Head @MSKCancerCenter. Tweets and views are my own.", "50+ yr old | Dom | MDNI | SFW Snap: doctor_mann | See my Likes üòà": "50+ yr old | Dom | MDNI | SFW Snap: doctor_mann | See my Likes üòà", "USA Weightlifting is the National Governing Body for the Olympic sport of weightlifting.": "USA Weightlifting is the National Governing Body for the Olympic sport of weightlifting.", "Founded in 1919, the CPUSA is a Marxist-Leninist political party struggling for full economic and political democracy, peace, jobs, equality, and #Socialism.": "Founded in 1919, the CPUSA is a Marxist-Leninist political party struggling for full economic and political democracy, peace, jobs, equality, and #Socialism.", "The national governing body for the sport of #ultimate in the #UnitedStates and member of the USOPC. We don't just play ultimate, we #LiveUltimate. #USAUltimate": "The national governing body for the sport of #ultimate in the #UnitedStates and member of the USOPC. We don't just play ultimate, we #LiveUltimate. #USAUltimate", "Official Twitter account of Team Spirit Store USA. Our online store carries affordable women's & men's fashion, fitness gear, home products, fan gear & more!": "Official Twitter account of Team Spirit Store USA. Our online store carries affordable women's & men's fashion, fitness gear, home products, fan gear & more!", "Medical oncologist. Bikes / kayaks / shoes. Whakat≈çhea.  He / him.": "Medical oncologist. Bikes / kayaks / shoes. Whakat≈çhea.  He / him.", "Urologic oncologist specializing in #kidneycancer and #utuc @mdandersonnews #endcancer | Associate editor @urogoldjournal.": "Urologic oncologist specializing in #kidneycancer and #utuc @mdandersonnews #endcancer | Associate editor @urogoldjournal.", "R&D at J&J Innovative Medicine. Medical oncologist. Views mine. Tweets are not medical advice. (He/him/his)": "R&D at J&J Innovative Medicine. Medical oncologist. Views mine. Tweets are not medical advice. (He/him/his)", "Romans 8:28 ‚ú∞ Former @unc & @tamu volleyball ‚ú∞ student doctor tooth fairy ü™•": "Romans 8:28 ‚ú∞ Former @unc & @tamu volleyball ‚ú∞ student doctor tooth fairy ü™•", "We are #BrandUSA, the nation‚Äôs destination marketing organization. Follow us for industry updates and announcements of our new initiatives. #VisitTheUSA": "We are #BrandUSA, the nation‚Äôs destination marketing organization. Follow us for industry updates and announcements of our new initiatives. #VisitTheUSA", "Welcome to the USA‚Äôs official travel & tourism organization. Be inspired to come #VisitTheUSA": "Welcome to the USA‚Äôs official travel & tourism organization. Be inspired to come #VisitTheUSA", "Dad, husband, lung and H&N radiation oncologist, clinical and health services researcher, medical educator and advisor @YaleRadOnc @YaleCancer @YaleMed": "Dad, husband, lung and H&N radiation oncologist, clinical and health services researcher, medical educator and advisor @YaleRadOnc @YaleCancer @YaleMed", "Hematologist/oncologist. Clinical trialist. #RWRI enthusiast.\nCaveat lector.\nhttps://t.co/nUIiDfKjqC": "Hematologist/oncologist. Clinical trialist. #RWRI enthusiast.\nCaveat lector.\nhttps://t.co/nUIiDfKjqC", "Hematologist/oncologist, HCT/CAR-T. Focus on physical function, digital medicine, patient experience, cancer outcomes. @ASHCollab Data Hub.": "Hematologist/oncologist, HCT/CAR-T. Focus on physical function, digital medicine, patient experience, cancer outcomes. @ASHCollab Data Hub.", "Dr Rekha Arya,ü©∫ MBBS,MD Radiation oncologist Cancer Specialist MyAIM:ü¶ÄScreening & Prevention ,Doctor who motivate Cancer survivors and fighter": "Dr Rekha Arya,ü©∫ MBBS,MD Radiation oncologist Cancer Specialist MyAIM:ü¶ÄScreening & Prevention ,Doctor who motivate Cancer survivors and fighter", "An ode to the joyous moments of everyday British life. Welcome to the official Twitter account for Ted Baker USA.": "An ode to the joyous moments of everyday British life. Welcome to the official Twitter account for Ted Baker USA.", "We've been fighting the bad guys since 1961 - you can join us! Official Amnesty International USA profile - RTs‚â†endorsements.": "We've been fighting the bad guys since 1961 - you can join us! Official Amnesty International USA profile - RTs‚â†endorsements.", "GI medical oncologist at Vanderbilt-Ingram Cancer Center and maker of the best Tex-Mex in Nashville.  Thoughts are my own.": "GI medical oncologist at Vanderbilt-Ingram Cancer Center and maker of the best Tex-Mex in Nashville.  Thoughts are my own.", "The official U.S. Embassy Nairobi twitter account. Follow @USAmbKenya.\n\nSocial Media Terms of Use: https://t.co/qhPM7k7RHa": "The official U.S. Embassy Nairobi twitter account. Follow @USAmbKenya.\n\nSocial Media Terms of Use: https://t.co/qhPM7k7RHa", "Posts from the German Embassy in the United States. üá©üá™ Ambassador Michaelis: @GermanAmbUSA üìßNewsletter: https://t.co/l6Pf1WWrmQ": "Posts from the German Embassy in the United States. üá©üá™ Ambassador Michaelis: @GermanAmbUSA üìßNewsletter: https://t.co/l6Pf1WWrmQ", "Humberto Leclerc MD/ Medicina Interna - Gastroenterolog√≠a/üîÖCEO: @appbridoc üì© doctorhumber@bridoc.org üìñ No apto para Sensibles": "Humberto Leclerc MD/ Medicina Interna - Gastroenterolog√≠a/üîÖCEO: @appbridoc üì© doctorhumber@bridoc.org üìñ No apto para Sensibles", "Official Twitter account - Adecco Staffing USA part of @AdeccoGroup. We connect great people with great jobs! #Futureofwork": "Official Twitter account - Adecco Staffing USA part of @AdeccoGroup. We connect great people with great jobs! #Futureofwork", "Cardio-oncologist, Fellowship Program Director, Memorial Sloan Kettering. Views my own. #Cardioonc #cardiotwitter": "Cardio-oncologist, Fellowship Program Director, Memorial Sloan Kettering. Views my own. #Cardioonc #cardiotwitter", "Medical oncologist @Intermountain, Director of Breast Oncology. Clinical research, quality improvement, cardio-oncology, provider wellness. All tweets my own.": "Medical oncologist @Intermountain, Director of Breast Oncology. Clinical research, quality improvement, cardio-oncology, provider wellness. All tweets my own.", "Official Twitter handle for the AlfaRomeoUSA brand. For Customer Care, message @AlfaRomeoCares.\n\nFor more: \nhttps://t.co/lLaEycWEK6 https://t.co/aVC4YB9MOs": "Official Twitter handle for the AlfaRomeoUSA brand. For Customer Care, message @AlfaRomeoCares.\n\nFor more: \nhttps://t.co/lLaEycWEK6 https://t.co/aVC4YB9MOs", "Doctor of Physical Therapy. Cert Strength & Conditioning Specialist. üèà#train #rehab & regen #NFL #athletes. Owner of Athletix Rehab & Recovery @doctor_reef IG": "Doctor of Physical Therapy. Cert Strength & Conditioning Specialist. üèà#train #rehab & regen #NFL #athletes. Owner of Athletix Rehab & Recovery @doctor_reef IG", "Official Handle of SuperStar Mahesh Fan Club USA                                                   https://t.co/w7NZbvpcHw": "Official Handle of SuperStar Mahesh Fan Club USA                                                   https://t.co/w7NZbvpcHw", "USAP üèâ Club de Rugby √† XV - TOP 14üìçPerpignan üèü Aim√© Giral ‚ù§ Catalan @Youtube ‚Ä¢ @Facebook ‚Ä¢ @TikTok_France ‚Ä¢ @Instagram ‚Ä¢ https://t.co/wmBZqfW0aJ": "USAP üèâ Club de Rugby √† XV - TOP 14üìçPerpignan üèü Aim√© Giral ‚ù§ Catalan @Youtube ‚Ä¢ @Facebook ‚Ä¢ @TikTok_France ‚Ä¢ @Instagram ‚Ä¢ https://t.co/wmBZqfW0aJ", ,...+641 more]